contig,0,1,Genome
contig-1000603,-9.979138231357664,-8.41505635613521,Eubacterium_eligens_ATCC_27750
contig-2000342,24.54487703413249,13.703116587205086,Eubacterium_rectale_ATCC_33656
contig-45000655,-9.929249213073273,-8.474061546829086,Eubacterium_eligens_ATCC_27750
contig-8000131,-20.783168656520296,5.670689541448692,Eubacterium_rectale_M104/1
contig-3000528,17.529968751368713,-12.525966618091953,Eubacterium_siraeum_V10Sc8a
contig-5000408,-20.58925328764236,5.421034278500674,Eubacterium_rectale_M104/1
contig-4000661,-21.223679918725022,2.8343572054526445,Eubacterium_rectale_M104/1
contig-26000901,25.069693133577108,13.369666981708288,Eubacterium_rectale_ATCC_33656
contig-7000289,25.047673414276492,13.567166196530913,Eubacterium_rectale_ATCC_33656
contig-7000281,-22.77412929271813,2.3725030262824665,Eubacterium_rectale_M104/1
contig-10000641,18.239657605276964,-8.932797060383484,Eubacterium_siraeum_V10Sc8a
contig-10000644,-22.330341709388215,2.4838934230426033,Eubacterium_rectale_M104/1
contig-20000388,17.486339736997714,-10.66254983070456,Eubacterium_siraeum_V10Sc8a
contig-17000744,4.9254018648696505,9.821715790990783,Eubacterium_rectale_ATCC_33656
contig-808,17.225051887087847,-12.419171494278837,Eubacterium_siraeum_V10Sc8a
contig-2000269,17.545275131705992,-12.43427622236754,Eubacterium_siraeum_V10Sc8a
contig-5000793,-21.70299853485065,3.7385271161856,Eubacterium_rectale_M104/1
contig-12000034,18.104264478427254,-9.231017288436881,Eubacterium_siraeum_V10Sc8a
contig-5000862,-20.27674574878143,5.5074918218300475,Eubacterium_rectale_M104/1
contig-5000860,25.051023215724115,13.572936750581743,Eubacterium_rectale_ATCC_33656
contig-1000574,-9.76895187873748,-8.423879290455815,Eubacterium_eligens_ATCC_27750
contig-229,-9.817349993545092,-8.510195159522548,Eubacterium_eligens_ATCC_27750
contig-8000647,25.05728480217937,13.535192226920069,Eubacterium_rectale_ATCC_33656
contig-10000953,-20.640313820712308,5.588148791589786,Eubacterium_rectale_M104/1
contig-6000222,17.649214697892614,-12.300435123162606,Eubacterium_siraeum_V10Sc8a
contig-1000722,-20.81018516368529,3.837815269701124,Eubacterium_rectale_M104/1
contig-20000309,17.482132226692407,-10.500303890998618,Eubacterium_siraeum_V10Sc8a
contig-3000396,-9.724938706308619,-8.476726614901526,Eubacterium_eligens_ATCC_27750
contig-14000755,17.301067294097773,-11.057279013664811,Eubacterium_siraeum_V10Sc8a
contig-8000812,25.058343857664642,13.5221507908023,Eubacterium_rectale_ATCC_33656
contig-21000398,-14.111530586836338,-8.186661943113835,Eubacterium_eligens_ATCC_27750
contig-6000974,-9.659749723165211,-8.446741717396058,Eubacterium_eligens_ATCC_27750
contig-5000081,-20.842674575779732,2.122746316928199,Eubacterium_rectale_M104/1
contig-5000087,25.052421175776228,13.577924038673082,Eubacterium_rectale_ATCC_33656
contig-5000552,17.623604008860546,-12.349690235171245,Eubacterium_siraeum_V10Sc8a
contig-1000118,17.52203936588315,-12.467557193773596,Eubacterium_siraeum_V10Sc8a
contig-1000113,17.073031218807067,-12.40761329429644,Eubacterium_siraeum_V10Sc8a
contig-8000955,-9.998740775251036,-8.670916191145718,Eubacterium_eligens_ATCC_27750
contig-8000483,25.050926815634647,13.595271837029287,Eubacterium_rectale_ATCC_33656
contig-2001019,-20.923288109150946,4.726505788337996,Eubacterium_rectale_M104/1
contig-3000454,-20.494846943861408,5.256630635696007,Eubacterium_rectale_M104/1
contig-11000952,25.06665599050671,13.51884044883433,Eubacterium_rectale_ATCC_33656
contig-9000549,25.06113165587948,13.54945214748173,Eubacterium_rectale_ATCC_33656
contig-9000546,-22.16440764625752,0.018281831027033558,Eubacterium_rectale_M104/1
contig-6000642,23.776932810720105,13.869740030727579,Eubacterium_rectale_ATCC_33656
contig-6000644,17.643064788770193,-12.365156092216266,Eubacterium_siraeum_V10Sc8a
contig-703,-9.854339503014769,-8.47051015876212,Eubacterium_eligens_ATCC_27750
contig-11000331,-9.34186574528534,-8.089760294761419,Eubacterium_eligens_ATCC_27750
contig-16000949,-18.164336123455303,-6.065180943731964,Eubacterium_eligens_ATCC_27750
contig-5000900,25.047994569205326,13.582097615799364,Eubacterium_rectale_ATCC_33656
contig-5000903,17.426240427504947,-12.633556313851859,Eubacterium_siraeum_V10Sc8a
contig-5000905,25.047700151581353,13.591594832802201,Eubacterium_rectale_ATCC_33656
contig-15000431,17.54176794315368,-10.54675608147384,Eubacterium_siraeum_V10Sc8a
contig-7000753,-20.73883782135236,5.4900849905876745,Eubacterium_rectale_M104/1
contig-144,17.555368609560986,-12.449646537027409,Eubacterium_siraeum_V10Sc8a
contig-2000463,-20.626700580420735,5.428512356809178,Eubacterium_rectale_M104/1
contig-5000000,-20.33703396349448,3.829846419778596,Eubacterium_rectale_M104/1
contig-1000996,17.510569021496266,-12.573178900019956,Eubacterium_siraeum_V10Sc8a
contig-5000823,25.044673302536893,13.58723675423728,Eubacterium_rectale_ATCC_33656
contig-7000366,-21.632358090417995,4.534572270173733,Eubacterium_rectale_M104/1
contig-14000925,-15.64504069743718,-5.641088988455759,Eubacterium_eligens_ATCC_27750
contig-2000942,-9.719676499183146,-8.508716397767904,Eubacterium_eligens_ATCC_27750
contig-13000362,-9.765178997877973,-9.06321332548527,Eubacterium_eligens_ATCC_27750
contig-13000705,-22.58163784982647,2.515719946772899,Eubacterium_rectale_M104/1
contig-6000837,17.51086877412713,-12.529250804946553,Eubacterium_siraeum_V10Sc8a
contig-1000352,-20.767711123046602,5.624172893225127,Eubacterium_rectale_M104/1
contig-7000932,17.55775113137286,-12.196532874160331,Eubacterium_siraeum_V10Sc8a
contig-2000631,17.517247360318127,-12.528636260881855,Eubacterium_siraeum_V10Sc8a
contig-6000312,25.05421059175589,13.551348988081065,Eubacterium_rectale_ATCC_33656
contig-1000654,-20.57944993915813,4.038124052799014,Eubacterium_rectale_M104/1
contig-8000143,-10.907320870585464,-7.565379027995088,Eubacterium_eligens_ATCC_27750
contig-9000428,-12.60722399185109,-6.5202959431434655,Eubacterium_eligens_ATCC_27750
contig-10000363,25.054442577840586,13.579810199079043,Eubacterium_rectale_ATCC_33656
contig-1000097,17.531309941775767,-12.273412305079642,Eubacterium_siraeum_V10Sc8a
contig-3000026,-9.69034595805943,-8.262991869075865,Eubacterium_eligens_ATCC_27750
contig-3000029,-10.466826440703317,-8.845962672241399,Eubacterium_eligens_ATCC_27750
contig-6000123,-21.067237876782897,3.162617017252149,Eubacterium_rectale_M104/1
contig-9000131,19.59825859756232,12.351896458022456,Eubacterium_rectale_ATCC_33656
contig-7000701,25.0570732898963,13.557239002577706,Eubacterium_rectale_ATCC_33656
contig-7000702,-23.4558642325356,1.9862821639286967,Eubacterium_rectale_M104/1
contig-29000126,25.051661879646336,13.583097747413886,Eubacterium_rectale_ATCC_33656
contig-626,-10.349708661420431,-8.09644864009227,Eubacterium_eligens_ATCC_27750
contig-623,-20.898258006727946,5.293938386310232,Eubacterium_rectale_M104/1
contig-24000530,-2.627826784954101,10.131349168068363,Eubacterium_rectale_M104/1
contig-4000800,-20.763053949399513,5.622076060057551,Eubacterium_rectale_M104/1
contig-4000805,17.576805114171275,-12.347449461780533,Eubacterium_siraeum_V10Sc8a
contig-1000446,-9.913847195744246,-8.486082559748414,Eubacterium_eligens_ATCC_27750
contig-6000724,25.044045822492162,13.610755080176336,Eubacterium_rectale_ATCC_33656
contig-1000999,17.541701014030487,-12.497911255653086,Eubacterium_siraeum_V10Sc8a
contig-3000181,-20.6551312180386,5.292326040388054,Eubacterium_rectale_M104/1
contig-2000788,-10.994716407644576,-7.818965237078237,Eubacterium_eligens_ATCC_27750
contig-2000786,-20.60254889990487,5.497094029290251,Eubacterium_rectale_M104/1
contig-8000470,17.654401197848717,-12.217949579927291,Eubacterium_siraeum_V10Sc8a
contig-1000938,-21.069370454211235,5.0468350060010945,Eubacterium_rectale_M104/1
contig-13000109,-21.505618474555327,3.110227571707416,Eubacterium_rectale_M104/1
contig-4000102,-9.800055962246523,-8.500128116840761,Eubacterium_eligens_ATCC_27750
contig-5000830,-11.807894139325574,-8.2037489795894,Eubacterium_eligens_ATCC_27750
contig-2000316,17.564376495849466,-12.367110149635048,Eubacterium_siraeum_V10Sc8a
contig-1000010,17.542524060803206,-12.497620033986554,Eubacterium_siraeum_V10Sc8a
contig-4000310,-20.969952627471685,5.297433067687148,Eubacterium_rectale_M104/1
contig-44000369,25.051883380219465,13.575779751213211,Eubacterium_rectale_ATCC_33656
contig-1000108,17.52431426199306,-12.413333542181167,Eubacterium_siraeum_V10Sc8a
contig-6000213,-19.45774264478525,5.687647715688077,Eubacterium_rectale_M104/1
contig-8000355,-20.518674143181624,1.2359829440674868,Eubacterium_rectale_M104/1
contig-8000354,25.05645678028707,13.568638219807262,Eubacterium_rectale_ATCC_33656
contig-8001008,25.049162115123984,13.581321384127257,Eubacterium_rectale_ATCC_33656
contig-8001004,-21.44390388100568,1.9172468981545072,Eubacterium_rectale_M104/1
contig-5001002,-20.33206324368886,5.321603636336236,Eubacterium_rectale_M104/1
contig-4000556,-20.45719545048816,3.991232800297734,Eubacterium_rectale_M104/1
contig-7000540,-20.826470590182012,5.203599961381191,Eubacterium_rectale_M104/1
contig-7000546,-20.901552703535934,4.404520691583677,Eubacterium_rectale_M104/1
contig-6000940,-20.516959045906372,5.520640434115204,Eubacterium_rectale_M104/1
contig-2000080,17.506943747938916,-12.548728769185866,Eubacterium_siraeum_V10Sc8a
contig-2001020,-9.883933437725227,-8.548439419408963,Eubacterium_eligens_ATCC_27750
contig-19000521,17.483676208786594,-12.586564634460213,Eubacterium_siraeum_V10Sc8a
contig-11000960,-10.533450731553502,-8.523035058633225,Eubacterium_eligens_ATCC_27750
contig-11000965,-21.0654081640996,4.097322606777884,Eubacterium_rectale_M104/1
contig-12000370,-16.75498068471466,-6.008704213325067,Eubacterium_eligens_ATCC_27750
contig-12000372,-21.331923199506377,2.249226002494229,Eubacterium_rectale_M104/1
contig-256,-20.777455979251577,5.408530738279013,Eubacterium_rectale_M104/1
contig-258,17.502151740821276,-12.559436699196784,Eubacterium_siraeum_V10Sc8a
contig-1001015,-24.34400297098755,1.8348942496496898,Eubacterium_rectale_M104/1
contig-12000126,20.202197437201697,12.925644324847708,Eubacterium_rectale_ATCC_33656
contig-5000978,-9.813156029059122,-8.538519150881907,Eubacterium_eligens_ATCC_27750
contig-6000431,-9.234643451432008,-8.29064747634594,Eubacterium_eligens_ATCC_27750
contig-7000253,-27.1941279574127,-5.238908931143068,Eubacterium_rectale_M104/1
contig-7000259,25.065669422066804,13.529679124795067,Eubacterium_rectale_ATCC_33656
contig-14000891,17.51140788564524,-12.447088469062741,Eubacterium_siraeum_V10Sc8a
contig-3000619,25.051231274484763,13.575994114755694,Eubacterium_rectale_ATCC_33656
contig-943,-10.14872267551822,-8.676585827118313,Eubacterium_eligens_ATCC_27750
contig-12000459,17.66742576042081,-12.155903780611336,Eubacterium_siraeum_V10Sc8a
contig-5000584,-20.261430622190066,5.349648261013599,Eubacterium_rectale_M104/1
contig-1000143,-20.772039419482333,5.647755099169411,Eubacterium_rectale_M104/1
contig-541,-20.8560711078523,5.4530456619893934,Eubacterium_rectale_M104/1
contig-2000913,-10.982265584859416,-8.628186450317754,Eubacterium_eligens_ATCC_27750
contig-8000254,25.042674425423144,13.577688782300507,Eubacterium_rectale_ATCC_33656
contig-4000408,17.61400330985174,14.123938028024499,Eubacterium_rectale_ATCC_33656
contig-4000401,17.61940835440278,-12.408354276131668,Eubacterium_siraeum_V10Sc8a
contig-2000660,-23.81060167574575,2.6107328579815237,Eubacterium_rectale_M104/1
contig-13000685,-20.265500414181762,4.8686209288281175,Eubacterium_rectale_M104/1
contig-9000080,-20.086029996721123,5.998523563082963,Eubacterium_rectale_M104/1
contig-1000673,-9.880601776496746,-8.507535850511125,Eubacterium_eligens_ATCC_27750
contig-115,-9.9630755228908,-8.467274461291991,Eubacterium_eligens_ATCC_27750
contig-119,-20.844674688893328,5.5580735562352785,Eubacterium_rectale_M104/1
contig-33000644,-17.81285962346447,4.762975692078721,Eubacterium_rectale_M104/1
contig-26000149,-10.833984116152845,-8.745708803943206,Eubacterium_eligens_ATCC_27750
contig-2000419,25.054251696456515,13.558176208478336,Eubacterium_rectale_ATCC_33656
contig-6000170,-23.653438659210963,0.3174710418135712,Eubacterium_rectale_M104/1
contig-9000293,17.475367718655868,-12.582519052618904,Eubacterium_siraeum_V10Sc8a
contig-9000299,24.72832713288245,13.605970174154306,Eubacterium_rectale_ATCC_33656
contig-659,-20.87170374796585,5.491777859279917,Eubacterium_rectale_M104/1
contig-4000291,25.065136576905328,13.466795682600324,Eubacterium_rectale_ATCC_33656
contig-4000299,17.248418857774624,-12.425151659774194,Eubacterium_siraeum_V10Sc8a
contig-6000771,25.05432545914019,13.557347067689376,Eubacterium_rectale_ATCC_33656
contig-1000413,-23.246075858497058,1.36558366503853,Eubacterium_rectale_M104/1
contig-6001000,25.05749110711017,13.553871913428233,Eubacterium_rectale_ATCC_33656
contig-6001003,-20.940992140478674,5.513319208120551,Eubacterium_rectale_M104/1
contig-2000206,24.885747460292073,13.624048392119265,Eubacterium_rectale_ATCC_33656
contig-2000200,17.587526681787235,-12.359020403065061,Eubacterium_siraeum_V10Sc8a
contig-10000169,-20.440772913454687,4.008657108147315,Eubacterium_rectale_M104/1
contig-10000295,-21.58981689639349,3.612643853069608,Eubacterium_rectale_M104/1
contig-9000311,-20.061299747187075,4.189759327945427,Eubacterium_rectale_M104/1
contig-9000317,-9.684487733119488,-8.362878774355867,Eubacterium_eligens_ATCC_27750
contig-63,-21.038899974896136,4.876353248589128,Eubacterium_rectale_M104/1
contig-1000593,25.051801707979198,13.577161704754117,Eubacterium_rectale_ATCC_33656
contig-2000321,-9.776400907279557,-8.473281430119014,Eubacterium_eligens_ATCC_27750
contig-23000632,-22.274894764316574,2.4943963449040867,Eubacterium_rectale_M104/1
contig-2000811,-9.66779265145323,-8.472148052791225,Eubacterium_eligens_ATCC_27750
contig-285,17.53729713602713,-12.486994687936301,Eubacterium_siraeum_V10Sc8a
contig-3000509,-20.71007328175597,5.609498987146843,Eubacterium_rectale_M104/1
contig-14000672,17.66270016982324,-12.211921546353848,Eubacterium_siraeum_V10Sc8a
contig-1000028,17.487765395383242,-12.533746399006315,Eubacterium_siraeum_V10Sc8a
contig-5000342,25.057373802137413,13.543761390712907,Eubacterium_rectale_ATCC_33656
contig-3000070,23.154742167602855,13.907435556183927,Eubacterium_rectale_ATCC_33656
contig-2000495,-9.924918604401098,-8.426282492759904,Eubacterium_eligens_ATCC_27750
contig-6000244,24.828123396221393,13.668635925677354,Eubacterium_rectale_ATCC_33656
contig-6000246,25.044460285083108,13.595424045291994,Eubacterium_rectale_ATCC_33656
contig-20000549,-19.08276419788497,4.672175118294338,Eubacterium_rectale_M104/1
contig-8000098,25.03046040198813,13.742088270621656,Eubacterium_rectale_ATCC_33656
contig-3000960,17.504849959783158,-12.551219121665374,Eubacterium_siraeum_V10Sc8a
contig-3000966,25.050091827809315,13.57440013701751,Eubacterium_rectale_ATCC_33656
contig-4000564,-10.032468248691051,-8.350145097413042,Eubacterium_eligens_ATCC_27750
contig-1000076,-20.77327235179846,5.223453683803012,Eubacterium_rectale_M104/1
contig-5000635,17.57060791674627,-12.231601164085536,Eubacterium_siraeum_V10Sc8a
contig-22000854,25.023450793537577,13.717556967140654,Eubacterium_rectale_ATCC_33656
contig-18000905,-20.804556576958454,3.8761550004775827,Eubacterium_rectale_M104/1
contig-6000033,24.12412023115811,13.685941397531804,Eubacterium_rectale_ATCC_33656
contig-2000280,-10.036319644087818,-8.441419377362031,Eubacterium_eligens_ATCC_27750
contig-2000288,17.589578094350372,-12.334154523862605,Eubacterium_siraeum_V10Sc8a
contig-9000649,25.04292858434905,13.593009513858886,Eubacterium_rectale_ATCC_33656
contig-592,-20.858532793743404,5.525418639568828,Eubacterium_rectale_M104/1
contig-1000967,-20.806480667153863,5.584043689388652,Eubacterium_rectale_M104/1
contig-1000965,17.515134250987842,-12.516456917128716,Eubacterium_siraeum_V10Sc8a
contig-4000152,-20.766312157642734,5.659470629184363,Eubacterium_rectale_M104/1
contig-5000849,25.06276336006855,13.525836472685473,Eubacterium_rectale_ATCC_33656
contig-1000514,-9.788485680742113,-8.523039489629411,Eubacterium_eligens_ATCC_27750
contig-8000629,-20.325643838861847,5.732020679573543,Eubacterium_rectale_M104/1
contig-8000627,-20.91264475820687,5.55955051159817,Eubacterium_rectale_M104/1
contig-2000893,25.05710520556342,13.541385801663107,Eubacterium_rectale_ATCC_33656
contig-8000194,17.550561247223662,-12.445150506052933,Eubacterium_siraeum_V10Sc8a
contig-3000581,-9.725276273473074,-8.556996827714327,Eubacterium_eligens_ATCC_27750
contig-2000560,-9.87421109066769,-8.528009922108707,Eubacterium_eligens_ATCC_27750
contig-12000612,25.06851941596603,13.534808127838213,Eubacterium_rectale_ATCC_33656
contig-9000050,-23.616593675094908,1.7470817942769854,Eubacterium_rectale_M104/1
contig-19000970,17.564483281405064,-12.370839627641622,Eubacterium_siraeum_V10Sc8a
contig-29000029,-14.355276709353454,-8.593777146517844,Eubacterium_eligens_ATCC_27750
contig-17000436,24.250545045598773,13.167602705318515,Eubacterium_rectale_ATCC_33656
contig-4001014,-9.571370795181082,-8.430712450048512,Eubacterium_eligens_ATCC_27750
contig-4001016,17.550007622626413,-12.424463316740587,Eubacterium_siraeum_V10Sc8a
contig-7000724,-21.18626983229106,3.2573326078651994,Eubacterium_rectale_M104/1
contig-10000582,16.737526148705573,14.102277291947555,Eubacterium_rectale_ATCC_33656
contig-9000486,-23.814012640113386,0.5299060143465935,Eubacterium_rectale_M104/1
contig-905,-20.826998829712945,5.432634951375848,Eubacterium_rectale_M104/1
contig-12000427,-22.876947755019355,2.6637219659396565,Eubacterium_rectale_M104/1
contig-1000274,-20.65818070163516,4.820889847701651,Eubacterium_rectale_M104/1
contig-1000851,17.480241433762192,-12.558956068681262,Eubacterium_siraeum_V10Sc8a
contig-2000758,-20.60838284508539,3.9546216319922887,Eubacterium_rectale_M104/1
contig-15000946,9.695830775904744,-8.380962723166688,Eubacterium_siraeum_V10Sc8a
contig-14000244,-20.72342461428109,2.3706959630884907,Eubacterium_rectale_M104/1
contig-7000384,-22.73351772741292,3.2383575467868493,Eubacterium_rectale_M104/1
contig-1000139,-20.84588743718361,5.615232468187834,Eubacterium_rectale_M104/1
contig-2000037,17.529588185408553,-12.528162306144178,Eubacterium_siraeum_V10Sc8a
contig-2000033,-20.732101181085483,5.615037186841481,Eubacterium_rectale_M104/1
contig-3000475,-20.519103173637003,4.700699169358972,Eubacterium_rectale_M104/1
contig-4000737,17.520021590186712,-12.51621551892534,Eubacterium_siraeum_V10Sc8a
contig-7000637,25.051913562134448,13.571188723571892,Eubacterium_rectale_ATCC_33656
contig-1000334,-20.801645278779226,5.600626682528538,Eubacterium_rectale_M104/1
contig-2000655,17.567027731438234,-12.461364924686265,Eubacterium_siraeum_V10Sc8a
contig-2000652,17.532407122188598,-12.513863661305184,Eubacterium_siraeum_V10Sc8a
contig-9001016,-9.868133103429136,-8.432249778808334,Eubacterium_eligens_ATCC_27750
contig-9001010,-21.09375165358797,0.8979984563450858,Eubacterium_rectale_M104/1
contig-9001019,25.050744098302197,13.580185988954215,Eubacterium_rectale_ATCC_33656
contig-40001019,25.056840475179897,13.554855936352643,Eubacterium_rectale_ATCC_33656
contig-4000941,25.071840962012573,13.509384534021619,Eubacterium_rectale_ATCC_33656
contig-7000146,-10.567124824294975,-8.660494583599165,Eubacterium_eligens_ATCC_27750
contig-1000739,-20.690990199999273,3.9864367274397945,Eubacterium_rectale_M104/1
contig-1000783,-20.568584624194546,4.120852318863089,Eubacterium_rectale_M104/1
contig-1000784,-11.503007496248895,-8.578231665387749,Eubacterium_eligens_ATCC_27750
contig-1000788,17.502625644443686,-12.584984906853487,Eubacterium_siraeum_V10Sc8a
contig-129,17.524552083462535,-12.51665373892354,Eubacterium_siraeum_V10Sc8a
contig-9000268,-21.40688313821439,3.626207436075117,Eubacterium_rectale_M104/1
contig-6000785,25.06278021936551,13.545395379457087,Eubacterium_rectale_ATCC_33656
contig-6000780,-9.095063025790267,-8.229120923520684,Eubacterium_eligens_ATCC_27750
contig-7000309,-20.521571980441507,5.600964745133991,Eubacterium_rectale_M104/1
contig-7000307,-21.03300792588221,5.267538960444703,Eubacterium_rectale_M104/1
contig-3000742,17.46131185679773,-12.693055519393177,Eubacterium_siraeum_V10Sc8a
contig-7000655,-21.444480346113508,3.7386008590613615,Eubacterium_rectale_M104/1
contig-10000154,25.054370741442078,13.569062372696425,Eubacterium_rectale_ATCC_33656
contig-13000980,23.296075721179285,13.959979739808256,Eubacterium_rectale_ATCC_33656
contig-6000819,-22.730271741078358,-0.5315138606287215,Eubacterium_rectale_M104/1
contig-5000181,25.04519423073877,13.604440434104117,Eubacterium_rectale_ATCC_33656
contig-5000180,-20.727419416216264,5.345863828331008,Eubacterium_rectale_M104/1
contig-5000234,-20.13973127197593,4.13708836549646,Eubacterium_rectale_M104/1
contig-4000476,-20.476893928183845,5.638128405559839,Eubacterium_rectale_M104/1
contig-10,-9.956288676130589,-8.417747343672735,Eubacterium_eligens_ATCC_27750
contig-6000593,24.7854887315258,13.777208506679376,Eubacterium_rectale_ATCC_33656
contig-6000592,-20.917097573833434,4.513646649053649,Eubacterium_rectale_M104/1
contig-1000675,24.974972337462805,13.41804781474551,Eubacterium_rectale_ATCC_33656
contig-1000326,17.50988924874765,-12.462998386450113,Eubacterium_siraeum_V10Sc8a
contig-2000370,25.05037661456859,13.562155159063256,Eubacterium_rectale_ATCC_33656
contig-2000379,-20.787083302854167,5.155971251608097,Eubacterium_rectale_M104/1
contig-412,17.517143607059882,-12.517901198233757,Eubacterium_siraeum_V10Sc8a
contig-30000281,-9.94507161642983,-8.581411345752691,Eubacterium_eligens_ATCC_27750
contig-19000435,-21.593709410730863,1.9002864688298609,Eubacterium_rectale_M104/1
contig-5000377,-20.565073170265087,4.712422533515421,Eubacterium_rectale_M104/1
contig-7000720,17.592748534406287,-12.410831537015195,Eubacterium_siraeum_V10Sc8a
contig-10000635,25.053248823241205,13.566008820606832,Eubacterium_rectale_ATCC_33656
contig-3000879,-9.790130112286741,-8.478953682179352,Eubacterium_eligens_ATCC_27750
contig-10000909,25.0554307856642,13.550363969533874,Eubacterium_rectale_ATCC_33656
contig-22000330,-20.41018595647137,5.881986455099748,Eubacterium_rectale_M104/1
contig-375,-20.789389476567067,5.609593069893552,Eubacterium_rectale_M104/1
contig-813,-20.92570070689291,4.352308376851918,Eubacterium_rectale_M104/1
contig-6000062,17.623530561783394,-12.242906056876926,Eubacterium_siraeum_V10Sc8a
contig-2000276,17.544186005222414,-12.4421285923954,Eubacterium_siraeum_V10Sc8a
contig-2000271,-20.702703512680504,4.913210522490282,Eubacterium_rectale_M104/1
contig-9000695,-20.92286700084568,5.211803518629932,Eubacterium_rectale_M104/1
contig-3000936,17.514271774072988,-12.333956530782373,Eubacterium_siraeum_V10Sc8a
contig-3000933,-10.477293690688107,-8.919000929555159,Eubacterium_eligens_ATCC_27750
contig-3000931,-22.67423482577929,2.5378840285201183,Eubacterium_rectale_M104/1
contig-11000192,-8.658557703803687,-8.803741045766195,Eubacterium_eligens_ATCC_27750
contig-1000959,-20.87166110810045,5.587406917542914,Eubacterium_rectale_M104/1
contig-1000953,-10.005645163897293,-8.402806752634849,Eubacterium_eligens_ATCC_27750
contig-1000950,-20.930267185485988,5.510326488192639,Eubacterium_rectale_M104/1
contig-5000103,17.74539493941985,-12.086234487506097,Eubacterium_siraeum_V10Sc8a
contig-4000165,17.50658915622516,-12.570825994340627,Eubacterium_siraeum_V10Sc8a
contig-5000810,-22.177516321532906,0.6720240421469711,Eubacterium_rectale_M104/1
contig-25000095,-13.7789832112991,-6.474144421063437,Eubacterium_eligens_ATCC_27750
contig-18000804,17.584481855278632,-12.388690555529699,Eubacterium_siraeum_V10Sc8a
contig-2000840,24.57782470291671,13.560163321828707,Eubacterium_rectale_ATCC_33656
contig-4000087,-20.838324311673787,5.495152853692208,Eubacterium_rectale_M104/1
contig-6000235,-20.538108433238836,5.3309314028928885,Eubacterium_rectale_M104/1
contig-6000233,-21.425106639329506,4.653333787575941,Eubacterium_rectale_M104/1
contig-6000238,-15.435542585735636,-7.6536329447500995,Eubacterium_eligens_ATCC_27750
contig-7000235,24.396347182517903,13.618609567277016,Eubacterium_rectale_ATCC_33656
contig-7000234,9.092623186797336,11.584652779643127,Eubacterium_rectale_ATCC_33656
contig-6000494,-19.93525859200713,5.689266763331736,Eubacterium_rectale_M104/1
contig-3000361,17.491015992550864,-12.531982212493293,Eubacterium_siraeum_V10Sc8a
contig-3000360,-20.755771799116605,4.9562794745664185,Eubacterium_rectale_M104/1
contig-3000367,17.6065922311368,-12.165351995100146,Eubacterium_siraeum_V10Sc8a
contig-8000372,-23.706537280032894,1.8527215284128389,Eubacterium_rectale_M104/1
contig-4000783,-9.94354660592736,-8.485056111122331,Eubacterium_eligens_ATCC_27750
contig-18000180,18.201660619450838,-9.142271385216306,Eubacterium_siraeum_V10Sc8a
contig-6000963,-10.030377500596495,-8.677755357448387,Eubacterium_eligens_ATCC_27750
contig-1000868,25.049042290552357,13.583913975510823,Eubacterium_rectale_ATCC_33656
contig-7000861,24.165490790283304,13.877837610615543,Eubacterium_rectale_ATCC_33656
contig-2000763,17.517707802937828,-12.523209547323933,Eubacterium_siraeum_V10Sc8a
contig-10000770,-9.244469621110607,-8.025783101862897,Eubacterium_eligens_ATCC_27750
contig-9000615,17.83707200782483,-9.611591995912574,Eubacterium_siraeum_V10Sc8a
contig-8000492,25.062966864803535,13.542767311171195,Eubacterium_rectale_ATCC_33656
contig-8000233,-9.844613677147947,-8.474327363700503,Eubacterium_eligens_ATCC_27750
contig-3000442,-20.626992143536302,1.528972432004322,Eubacterium_rectale_M104/1
contig-12000313,-9.837722388634372,-8.299290038040512,Eubacterium_eligens_ATCC_27750
contig-9000556,-19.993893585531445,5.817110667162867,Eubacterium_rectale_M104/1
contig-4000705,17.524775730433813,-12.487370114012293,Eubacterium_siraeum_V10Sc8a
contig-5000723,25.050587424654022,13.57147222391394,Eubacterium_rectale_ATCC_33656
contig-850,-9.90517725608251,-8.503181352670389,Eubacterium_eligens_ATCC_27750
contig-15000302,-11.120964391625288,-8.575275169168325,Eubacterium_eligens_ATCC_27750
contig-7000649,-10.939857893657775,-7.781755522152474,Eubacterium_eligens_ATCC_27750
contig-1001001,17.542343929551212,-12.484087203852864,Eubacterium_siraeum_V10Sc8a
contig-28000507,-20.20883448899597,2.0191162220822063,Eubacterium_rectale_M104/1
contig-3000280,-9.823219796509344,-8.364873282017978,Eubacterium_eligens_ATCC_27750
contig-2000684,17.552564891365865,-12.5017443242854,Eubacterium_siraeum_V10Sc8a
contig-13000828,-21.984198482747544,0.2692859242971084,Eubacterium_rectale_M104/1
contig-10000927,-9.561916499146873,-8.254304093840428,Eubacterium_eligens_ATCC_27750
contig-779,17.546064314403527,-12.521510610829806,Eubacterium_siraeum_V10Sc8a
contig-13000001,-21.85111053478549,3.46005889435318,Eubacterium_rectale_M104/1
contig-19000716,13.219001331507553,9.745264835091874,Eubacterium_rectale_ATCC_33656
contig-4000008,25.07500856762897,13.450539859682507,Eubacterium_rectale_ATCC_33656
contig-9000968,25.05587157717443,13.538554976733355,Eubacterium_rectale_ATCC_33656
contig-4000001,-21.36746682027421,2.225326886871253,Eubacterium_rectale_M104/1
contig-12000108,17.56585988684802,-12.294958325143027,Eubacterium_siraeum_V10Sc8a
contig-12000100,25.055319700315923,13.555678873793365,Eubacterium_rectale_ATCC_33656
contig-5000916,-20.6656009679191,5.609671599622478,Eubacterium_rectale_M104/1
contig-171,-20.785980819163807,5.519640138495143,Eubacterium_rectale_M104/1
contig-3000098,17.49072065269396,-12.539453793552108,Eubacterium_siraeum_V10Sc8a
contig-8000866,17.640120131518213,-10.358047274962574,Eubacterium_siraeum_V10Sc8a
contig-8000864,25.052962724245592,13.572191746429155,Eubacterium_rectale_ATCC_33656
contig-10000063,25.05709197558525,13.564391168491595,Eubacterium_rectale_ATCC_33656
contig-26000098,25.04848285626147,13.585504179556255,Eubacterium_rectale_ATCC_33656
contig-1000165,17.497264242451525,-12.546358183433487,Eubacterium_siraeum_V10Sc8a
contig-10000186,25.048794884099497,13.559458102866127,Eubacterium_rectale_ATCC_33656
contig-10000237,-11.477377909008307,-7.106886036490563,Eubacterium_eligens_ATCC_27750
contig-10000235,-12.756346430169062,-8.158217298449626,Eubacterium_eligens_ATCC_27750
contig-1000368,-9.814181922059127,-8.519615252333308,Eubacterium_eligens_ATCC_27750
contig-4000575,-21.53362853355556,2.4876503392144005,Eubacterium_rectale_M104/1
contig-1000989,17.502291570213913,-12.463318076240268,Eubacterium_siraeum_V10Sc8a
contig-2000605,17.638669917283497,-12.35579684453302,Eubacterium_siraeum_V10Sc8a
contig-15000023,25.02247733316229,13.780222259306296,Eubacterium_rectale_ATCC_33656
contig-7000120,-19.95219095951159,5.578033735679735,Eubacterium_rectale_M104/1
contig-7000123,17.359228835372814,-12.476905579229165,Eubacterium_siraeum_V10Sc8a
contig-440,-20.984230714262498,4.830691146788872,Eubacterium_rectale_M104/1
contig-445,-9.9320128883691,-8.485646619813963,Eubacterium_eligens_ATCC_27750
contig-3000563,24.745107203188468,13.630790993320332,Eubacterium_rectale_ATCC_33656
contig-1000487,25.05178783708633,13.570519030964725,Eubacterium_rectale_ATCC_33656
contig-10000371,-21.989411645789318,1.0237953970920948,Eubacterium_rectale_M104/1
contig-5000445,25.055309537658008,13.570465432981651,Eubacterium_rectale_ATCC_33656
contig-5000447,-20.552112783578934,4.189000021572237,Eubacterium_rectale_M104/1
contig-5000997,3.3815245100621736,11.003932659586857,Eubacterium_rectale_M104/1
contig-2000997,17.477727005940675,-12.496068712811706,Eubacterium_siraeum_V10Sc8a
contig-28000465,17.530546551391858,-12.477491278437974,Eubacterium_siraeum_V10Sc8a
contig-22000500,-17.663437609745927,-6.759004571273863,Eubacterium_eligens_ATCC_27750
contig-3000018,-20.675677866747808,5.562818520806958,Eubacterium_rectale_M104/1
contig-4000698,-21.547690439138883,1.4574811507561825,Eubacterium_rectale_M104/1
contig-7000714,-20.733380760235328,3.9311678997859767,Eubacterium_rectale_M104/1
contig-638,17.492107924963296,-12.500679605860025,Eubacterium_siraeum_V10Sc8a
contig-2000199,17.529220430637775,-12.334958753022239,Eubacterium_siraeum_V10Sc8a
contig-3001005,25.046480180408157,13.590459608216332,Eubacterium_rectale_ATCC_33656
contig-4000961,24.924918276647528,13.688297536608758,Eubacterium_rectale_ATCC_33656
contig-3000972,-20.28317561086219,3.682330841419707,Eubacterium_rectale_M104/1
contig-4000812,-9.87677481978957,-8.437219286114807,Eubacterium_eligens_ATCC_27750
contig-341,-20.892998991856864,5.523570167334826,Eubacterium_rectale_M104/1
contig-8000449,-22.42616235974841,3.4130382633807184,Eubacterium_rectale_M104/1
contig-8000444,25.051088982293674,13.573239310617444,Eubacterium_rectale_ATCC_33656
contig-1000907,24.84364978537404,13.662430757518887,Eubacterium_rectale_ATCC_33656
contig-18000564,17.774818330257144,-9.81533044910681,Eubacterium_siraeum_V10Sc8a
contig-5000281,-20.567203662182735,3.3886334790253807,Eubacterium_rectale_M104/1
contig-5000829,-10.046133195744718,-8.125490796254011,Eubacterium_eligens_ATCC_27750
contig-5000827,25.05053176877173,13.58309804902092,Eubacterium_rectale_ATCC_33656
contig-49,-9.899363501024599,-8.475002515345107,Eubacterium_eligens_ATCC_27750
contig-2000303,-21.19908527250389,5.432694485269972,Eubacterium_rectale_M104/1
contig-2000872,-10.38895925431001,-8.458169724870888,Eubacterium_eligens_ATCC_27750
contig-2000874,-20.87085390155882,5.56869908950896,Eubacterium_rectale_M104/1
contig-2000875,-20.546193507544764,4.043473787426986,Eubacterium_rectale_M104/1
contig-1021,17.51452064588854,-12.508677606179953,Eubacterium_siraeum_V10Sc8a
contig-6000264,17.519427509686153,-12.567684586275833,Eubacterium_siraeum_V10Sc8a
contig-6000192,-20.26414250558736,5.396194270853057,Eubacterium_rectale_M104/1
contig-8000343,-23.20910910854359,2.0732738560679307,Eubacterium_rectale_M104/1
contig-8000345,25.064526318117966,13.52199847482765,Eubacterium_rectale_ATCC_33656
contig-3000353,-20.914261319896568,5.393646477259835,Eubacterium_rectale_M104/1
contig-3000359,17.44041817554086,-12.552785396044968,Eubacterium_siraeum_V10Sc8a
contig-11000709,-23.711362995154747,1.7243024195902048,Eubacterium_rectale_M104/1
contig-5001017,17.509976779167513,-12.426246180507775,Eubacterium_siraeum_V10Sc8a
contig-21000570,17.722184367118132,-10.404575098814137,Eubacterium_siraeum_V10Sc8a
contig-5000652,-20.300935638297886,5.6115353222718225,Eubacterium_rectale_M104/1
contig-858,-12.99829000245242,-7.544121374837463,Eubacterium_eligens_ATCC_27750
contig-15000149,17.551099082483475,-12.46620136644624,Eubacterium_siraeum_V10Sc8a
contig-7000553,-20.73749901363397,5.500287570873499,Eubacterium_rectale_M104/1
contig-1000219,17.556250001886028,-12.472762147864897,Eubacterium_siraeum_V10Sc8a
contig-5000514,-23.79338357164782,3.1427615171284398,Eubacterium_rectale_M104/1
contig-5000511,-20.779214838198424,5.629818435879924,Eubacterium_rectale_M104/1
contig-9000661,-22.215448409821708,2.3292182459379682,Eubacterium_rectale_M104/1
contig-9000669,-20.718112290187946,4.179029253329312,Eubacterium_rectale_M104/1
contig-2000099,25.05192513598969,13.575784432144074,Eubacterium_rectale_ATCC_33656
contig-2000093,-20.99117550203706,5.453064762051432,Eubacterium_rectale_M104/1
contig-8000993,-11.732946478476707,-7.658942181071705,Eubacterium_eligens_ATCC_27750
contig-8000996,-23.362244726966445,0.56619357936048,Eubacterium_rectale_M104/1
contig-3000257,25.051952764449073,13.579167579227006,Eubacterium_rectale_ATCC_33656
contig-6000566,-19.814216701588713,4.234125924888978,Eubacterium_rectale_M104/1
contig-265,-9.77165562126732,-8.660410943692485,Eubacterium_eligens_ATCC_27750
contig-20000973,-21.694906365270228,1.8131745196228664,Eubacterium_rectale_M104/1
contig-29000585,17.477753657982667,-10.784860765411565,Eubacterium_siraeum_V10Sc8a
contig-11000374,25.048355177616944,13.59477964614902,Eubacterium_rectale_ATCC_33656
contig-16000235,17.387360792174643,-12.813715490245498,Eubacterium_siraeum_V10Sc8a
contig-4000388,-23.24387845305231,2.01195901404028,Eubacterium_rectale_M104/1
contig-185,-20.76860045962308,5.566553733014009,Eubacterium_rectale_M104/1
contig-8000035,25.05948174849512,13.55050538111356,Eubacterium_rectale_ATCC_33656
contig-8000036,-19.054953817758765,4.589059317361526,Eubacterium_rectale_M104/1
contig-8000038,25.052613450393142,13.568818545194214,Eubacterium_rectale_ATCC_33656
contig-976,-20.829839389201894,5.536238537636773,Eubacterium_rectale_M104/1
contig-9000203,25.05849344433341,13.571315069386053,Eubacterium_rectale_ATCC_33656
contig-17000209,17.51300896207007,-12.509284044718369,Eubacterium_siraeum_V10Sc8a
contig-7000837,-23.460862106473733,2.0389309703300125,Eubacterium_rectale_M104/1
contig-2000014,17.492980366517358,-12.53936210687058,Eubacterium_siraeum_V10Sc8a
contig-2000016,17.511791747530495,-12.55047275206702,Eubacterium_siraeum_V10Sc8a
contig-23000503,-13.409462849702306,-7.9604790910401695,Eubacterium_eligens_ATCC_27750
contig-3000412,-20.35725332494868,3.9661261321347676,Eubacterium_rectale_M104/1
contig-7000869,-20.083673987508163,5.881270084718492,Eubacterium_rectale_M104/1
contig-9000509,-20.633627516640026,5.6060345432986605,Eubacterium_rectale_M104/1
contig-7000158,-21.704153070256567,5.443340527077261,Eubacterium_rectale_M104/1
contig-9000741,2.093297716136684,-9.394878888962667,Eubacterium_siraeum_V10Sc8a
contig-11000817,25.05303730564359,13.587444564709726,Eubacterium_rectale_ATCC_33656
contig-11000816,17.566718151642245,-12.419819881590554,Eubacterium_siraeum_V10Sc8a
contig-16000980,23.26494097846517,10.523161907976275,Eubacterium_rectale_ATCC_33656
contig-106,17.5523033274414,-12.467614199627215,Eubacterium_siraeum_V10Sc8a
contig-3000815,17.46380855698966,-12.598282039853716,Eubacterium_siraeum_V10Sc8a
contig-669,-9.870258922094932,-8.496526373354905,Eubacterium_eligens_ATCC_27750
contig-11000230,-19.662847359449483,5.2320824622214435,Eubacterium_rectale_M104/1
contig-13000669,20.977946535012073,14.369521166900773,Eubacterium_rectale_ATCC_33656
contig-1000407,17.48112196431513,-12.511271942290227,Eubacterium_siraeum_V10Sc8a
contig-7000322,-20.14445944295456,3.3171638168021618,Eubacterium_rectale_M104/1
contig-7000584,-19.685222132708432,3.990284873228021,Eubacterium_rectale_M104/1
contig-14000960,17.479969681834604,-12.56093085264114,Eubacterium_siraeum_V10Sc8a
contig-313,17.514254441156158,-12.532012497909564,Eubacterium_siraeum_V10Sc8a
contig-2000211,17.540104162234595,-12.517664803627756,Eubacterium_siraeum_V10Sc8a
contig-10000873,25.069873323560852,13.477585156298757,Eubacterium_rectale_ATCC_33656
contig-17000565,-22.26630310834468,0.020130024528735413,Eubacterium_rectale_M104/1
contig-4000495,-10.883924832198256,-7.864545224153797,Eubacterium_eligens_ATCC_27750
contig-79,-21.65129511282581,3.050390828202315,Eubacterium_rectale_M104/1
contig-74,-20.670375776242132,4.0338853606024365,Eubacterium_rectale_M104/1
contig-72,-9.8204562528943,-8.378814725321773,Eubacterium_eligens_ATCC_27750
contig-2000357,17.548468709399597,-12.482039506208734,Eubacterium_siraeum_V10Sc8a
contig-431,17.532929315979516,-12.463823797142974,Eubacterium_siraeum_V10Sc8a
contig-2000823,-20.83488985412887,5.567205878732704,Eubacterium_rectale_M104/1
contig-298,-10.15314151998778,-8.303971070300635,Eubacterium_eligens_ATCC_27750
contig-3000519,-20.65023019097345,4.089009557188018,Eubacterium_rectale_M104/1
contig-3000516,25.05619049530169,13.571769243050065,Eubacterium_rectale_ATCC_33656
contig-11000541,25.06083233886877,13.550074643827644,Eubacterium_rectale_ATCC_33656
contig-14000668,17.356939062758276,-10.980576607368707,Eubacterium_siraeum_V10Sc8a
contig-14000666,-20.444844492766162,3.688988853408241,Eubacterium_rectale_M104/1
contig-4000656,-9.718130820858738,-8.50825321293797,Eubacterium_eligens_ATCC_27750
contig-5000358,-20.7865735399417,5.575790598370133,Eubacterium_rectale_M104/1
contig-6000257,-22.695903992907702,2.3044307003868205,Eubacterium_rectale_M104/1
contig-7000740,-23.17045686489987,2.334807138662435,Eubacterium_rectale_M104/1
contig-9000178,25.019342805123838,13.827000721809727,Eubacterium_rectale_ATCC_33656
contig-12000497,25.05128050750885,13.567348222328404,Eubacterium_rectale_ATCC_33656
contig-10000510,-20.206448834177653,5.616264492629719,Eubacterium_rectale_M104/1
contig-5000626,-20.831472909324024,3.634041560143847,Eubacterium_rectale_M104/1
contig-16000634,-22.90872608422564,1.9395960626282556,Eubacterium_rectale_M104/1
contig-16000632,18.013919659165214,-11.826527192211534,Eubacterium_siraeum_V10Sc8a
contig-6000989,-20.772247145965466,5.100298266851767,Eubacterium_rectale_M104/1
contig-3000213,25.05406093934588,13.569241992349957,Eubacterium_rectale_ATCC_33656
contig-5000216,25.05138963735292,13.55596135043209,Eubacterium_rectale_ATCC_33656
contig-11000927,25.056624762895176,13.569787493640733,Eubacterium_rectale_ATCC_33656
contig-4000149,8.740289171170527,-9.627637675283433,Eubacterium_siraeum_V10Sc8a
contig-5000788,-9.941218957686434,-8.451511644276927,Eubacterium_eligens_ATCC_27750
contig-25000565,17.510270657983874,-12.531741555249784,Eubacterium_siraeum_V10Sc8a
contig-1000567,-9.927814813311684,-8.464029100516392,Eubacterium_eligens_ATCC_27750
contig-1000565,-9.927335006937724,-8.470738824436967,Eubacterium_eligens_ATCC_27750
contig-1000696,-22.38915540117452,3.978381703502388,Eubacterium_rectale_M104/1
contig-214,-20.789889968686158,5.577307234917493,Eubacterium_rectale_M104/1
contig-211,-9.816034241920516,-8.441340994672874,Eubacterium_eligens_ATCC_27750
contig-2000555,17.465525593353895,-12.52949249504514,Eubacterium_siraeum_V10Sc8a
contig-2000553,-20.45997230352405,3.9204581670378222,Eubacterium_rectale_M104/1
contig-2000552,-20.75628727435591,4.9845480644870825,Eubacterium_rectale_M104/1
contig-12000605,17.59846165708944,-12.424136818716274,Eubacterium_siraeum_V10Sc8a
contig-11000349,-20.738157049753696,3.6645868119843903,Eubacterium_rectale_M104/1
contig-9000905,17.363241761499562,-10.89374457585505,Eubacterium_siraeum_V10Sc8a
contig-9000907,-24.735004079055727,1.802936407175964,Eubacterium_rectale_M104/1
contig-9000709,25.05438615217873,13.56805328998827,Eubacterium_rectale_ATCC_33656
contig-1000717,-20.85448255750006,5.164495377886566,Eubacterium_rectale_M104/1
contig-7000217,24.73720221909381,13.689386143149182,Eubacterium_rectale_ATCC_33656
contig-2000167,17.598772487688887,-12.429428895282529,Eubacterium_siraeum_V10Sc8a
contig-2000160,-9.863997763009074,-8.511546583595043,Eubacterium_eligens_ATCC_27750
contig-8000397,-20.047205055986904,4.3833714064121265,Eubacterium_rectale_M104/1
contig-11000751,-23.09155807322835,1.8149231075012564,Eubacterium_rectale_M104/1
contig-19000319,-17.40787934329198,-5.359100826059766,Eubacterium_eligens_ATCC_27750
contig-6000903,-20.032634796863576,5.594647412082637,Eubacterium_rectale_M104/1
contig-4000256,17.464546137158404,-12.544134430481556,Eubacterium_siraeum_V10Sc8a
contig-7000801,17.540477702329042,-12.365894342009966,Eubacterium_siraeum_V10Sc8a
contig-3000147,-20.798794283310443,5.674009501772607,Eubacterium_rectale_M104/1
contig-5000541,17.624274357328485,-12.237734630224994,Eubacterium_siraeum_V10Sc8a
contig-2000746,25.053169270498234,13.570401889767453,Eubacterium_rectale_ATCC_33656
contig-3000462,-24.125827933083983,1.7746262391999952,Eubacterium_rectale_M104/1
contig-5000709,-23.785545266245638,2.1626735995089392,Eubacterium_rectale_M104/1
contig-5000708,17.509943862247535,-12.550825894093233,Eubacterium_siraeum_V10Sc8a
contig-3000261,25.052354229078198,13.576623698829614,Eubacterium_rectale_ATCC_33656
contig-18000632,17.740603323418892,-12.289935490009858,Eubacterium_siraeum_V10Sc8a
contig-9000770,-9.808407634271957,-8.56262076181347,Eubacterium_eligens_ATCC_27750
contig-4000022,-20.710244040832006,5.522239536102368,Eubacterium_rectale_M104/1
contig-6000474,-14.624624489303649,-6.760800600030607,Eubacterium_eligens_ATCC_27750
contig-150,-10.22097114831141,-8.308841924810796,Eubacterium_eligens_ATCC_27750
contig-2000458,17.49097643405519,-12.443709132456194,Eubacterium_siraeum_V10Sc8a
contig-2000451,17.514201839225358,-12.451197025212965,Eubacterium_siraeum_V10Sc8a
contig-20000052,-20.241464902682672,3.858592328697135,Eubacterium_rectale_M104/1
contig-8000508,17.77149239554457,-12.09695301123678,Eubacterium_siraeum_V10Sc8a
contig-8000502,24.692933818247514,13.532661045864284,Eubacterium_rectale_ATCC_33656
contig-13000384,-11.896195937976437,-6.742018759293518,Eubacterium_eligens_ATCC_27750
contig-5000015,-20.419723403465945,5.768911898562025,Eubacterium_rectale_M104/1
contig-2000043,-9.417407553698997,-8.418621316427393,Eubacterium_eligens_ATCC_27750
contig-1000185,-20.917201964755602,5.454267868711785,Eubacterium_rectale_M104/1
contig-2000042,-9.312575790315947,-8.269357302762794,Eubacterium_eligens_ATCC_27750
contig-1000372,-20.748022011595847,5.581293644538713,Eubacterium_rectale_M104/1
contig-8000743,24.04202008216384,13.811656985135345,Eubacterium_rectale_ATCC_33656
contig-4000196,-10.939235429906995,-8.64098622910233,Eubacterium_eligens_ATCC_27750
contig-7000924,19.864699375944685,14.897439326502337,Eubacterium_rectale_ATCC_33656
contig-7000926,17.583977847663146,-12.38694466260951,Eubacterium_siraeum_V10Sc8a
contig-5000194,-22.202623554486976,3.781340264360948,Eubacterium_rectale_M104/1
contig-4000446,25.050041346478015,13.579853124636418,Eubacterium_rectale_ATCC_33656
contig-24000794,-18.600462327327694,4.800668590035149,Eubacterium_rectale_M104/1
contig-2000628,-20.928867799658214,5.011593249203588,Eubacterium_rectale_M104/1
contig-24,-11.240058353364274,-7.583281810015979,Eubacterium_eligens_ATCC_27750
contig-1000661,17.545575977233767,-12.44357628798069,Eubacterium_siraeum_V10Sc8a
contig-1000662,-20.871443209901525,5.490130760952009,Eubacterium_rectale_M104/1
contig-1000667,17.449469989526374,-12.507292543975215,Eubacterium_siraeum_V10Sc8a
contig-2000364,-20.759496799759148,5.220522896571219,Eubacterium_rectale_M104/1
contig-11000031,25.047305572470304,13.589001475233244,Eubacterium_rectale_ATCC_33656
contig-460,17.055144683352868,-12.494285764909876,Eubacterium_siraeum_V10Sc8a
contig-798,17.454397686858286,-12.588663259501894,Eubacterium_siraeum_V10Sc8a
contig-794,17.53413102594288,-12.427555924375858,Eubacterium_siraeum_V10Sc8a
contig-10000356,-22.95766442039532,2.134248768886988,Eubacterium_rectale_M104/1
contig-5000426,-20.73779372821332,5.649574289365767,Eubacterium_rectale_M104/1
contig-7000472,17.56718307219153,-12.450753001126303,Eubacterium_siraeum_V10Sc8a
contig-7000471,-20.61671235609273,5.3087124486840285,Eubacterium_rectale_M104/1
contig-1000066,-20.724696384546387,5.498623246915011,Eubacterium_rectale_M104/1
contig-1000067,-9.749267721810394,-8.388098926488121,Eubacterium_eligens_ATCC_27750
contig-6000283,-21.920187215719036,2.7880767254041596,Eubacterium_rectale_M104/1
contig-6000287,-23.641493271135964,0.8006324689438772,Eubacterium_rectale_M104/1
contig-981,-9.895977195382617,-8.42570192358591,Eubacterium_eligens_ATCC_27750
contig-989,-20.846755358162767,5.546603910679924,Eubacterium_rectale_M104/1
contig-7000731,-22.72051308860461,1.3650274045163242,Eubacterium_rectale_M104/1
contig-7000734,25.04642379142468,13.58913695522793,Eubacterium_rectale_ATCC_33656
contig-9000121,24.92227453236569,13.034966965889584,Eubacterium_rectale_ATCC_33656
contig-7000607,-15.548338091866588,-6.237461764831041,Eubacterium_eligens_ATCC_27750
contig-366,17.540357379810235,-12.474795020016145,Eubacterium_siraeum_V10Sc8a
contig-368,-20.74426048051879,4.892941329503108,Eubacterium_rectale_M104/1
contig-9000925,-23.708976044188713,2.683593213356117,Eubacterium_rectale_M104/1
contig-2000795,-20.564920389260926,5.716717317394444,Eubacterium_rectale_M104/1
contig-2000243,-20.698659427992588,5.477000097697811,Eubacterium_rectale_M104/1
contig-2000245,-19.734481349832727,5.443322342076576,Eubacterium_rectale_M104/1
contig-16000157,-22.286006957529008,3.0776990064500915,Eubacterium_rectale_M104/1
contig-1000927,17.34978700038792,-12.031773995739458,Eubacterium_siraeum_V10Sc8a
contig-1000922,17.51615717693504,-12.467398590745232,Eubacterium_siraeum_V10Sc8a
contig-5000111,25.04932466638745,13.585161009778702,Eubacterium_rectale_ATCC_33656
contig-1000555,24.63209673626686,13.771244846887136,Eubacterium_rectale_ATCC_33656
contig-1000559,11.533569971241311,-11.12907054154052,Eubacterium_siraeum_V10Sc8a
contig-7000185,-9.842020226914883,-8.52267936791687,Eubacterium_eligens_ATCC_27750
contig-2000855,17.531312120940836,-12.471016932888045,Eubacterium_siraeum_V10Sc8a
contig-4000097,-23.902877334291297,1.5762693247758042,Eubacterium_rectale_M104/1
contig-22000614,25.06698587089528,13.470980413877413,Eubacterium_rectale_ATCC_33656
contig-4000328,25.052699189778593,13.540829452376375,Eubacterium_rectale_ATCC_33656
contig-6000208,-20.92516991055082,5.455822302930492,Eubacterium_rectale_M104/1
contig-6000207,-21.492872516405352,2.829049921112227,Eubacterium_rectale_M104/1
contig-13000401,-9.619578362297947,-8.453610364574027,Eubacterium_eligens_ATCC_27750
contig-1000237,-20.866146719470436,5.623585887871863,Eubacterium_rectale_M104/1
contig-1000232,17.49956965395494,-12.534603254533991,Eubacterium_siraeum_V10Sc8a
contig-3000179,-20.760293457124323,5.61624973558613,Eubacterium_rectale_M104/1
contig-2000710,-20.720798538187584,5.469965957463796,Eubacterium_rectale_M104/1
contig-864,-20.925775096745735,5.43993981299066,Eubacterium_rectale_M104/1
contig-8000979,25.05727713187695,13.564826543441345,Eubacterium_rectale_ATCC_33656
contig-19000533,17.641847287622234,-12.300187766136869,Eubacterium_siraeum_V10Sc8a
contig-17000603,-19.881860108306395,4.7415320656280056,Eubacterium_rectale_M104/1
contig-12000364,17.433129738044514,-12.581297840389727,Eubacterium_siraeum_V10Sc8a
contig-5000888,24.361085991639236,12.658418983140486,Eubacterium_rectale_ATCC_33656
contig-249,-9.915842075508733,-8.435398087048513,Eubacterium_eligens_ATCC_27750
contig-2000699,24.04577181490778,13.156509143426554,Eubacterium_rectale_ATCC_33656
contig-2000528,17.455582263057508,-12.478309111671162,Eubacterium_siraeum_V10Sc8a
contig-2000526,-20.873221013181034,5.411442727697502,Eubacterium_rectale_M104/1
contig-767,-9.889236702963789,-8.480080348839692,Eubacterium_eligens_ATCC_27750
contig-19000708,-9.89678118223932,-8.471256079134223,Eubacterium_eligens_ATCC_27750
contig-5000388,24.1315489198623,13.963614908598446,Eubacterium_rectale_ATCC_33656
contig-4000013,-20.63548451656586,5.634534948726068,Eubacterium_rectale_M104/1
contig-15000414,25.053336375449963,13.569604319482718,Eubacterium_rectale_ATCC_33656
contig-6000424,-21.968399411204697,2.3783251674916333,Eubacterium_rectale_M104/1
contig-36000201,25.0488854704508,13.590171920462394,Eubacterium_rectale_ATCC_33656
contig-8000058,-9.570047503304679,-8.390190268529176,Eubacterium_eligens_ATCC_27750
contig-3000081,25.05184224727601,13.576967105366545,Eubacterium_rectale_ATCC_33656
contig-3000943,17.247327442761108,-12.406684411217494,Eubacterium_siraeum_V10Sc8a
contig-958,-20.67196756882534,4.621862366938972,Eubacterium_rectale_M104/1
contig-8000878,25.05002309599125,13.58971667413131,Eubacterium_rectale_ATCC_33656
contig-8000879,25.046129829712328,13.597116363663455,Eubacterium_rectale_ATCC_33656
contig-8000875,17.709784208300427,-10.84696141895705,Eubacterium_siraeum_V10Sc8a
contig-25000453,17.50531550274589,-12.525012323714456,Eubacterium_siraeum_V10Sc8a
contig-1000819,-20.875406920808395,5.698020175289943,Eubacterium_rectale_M104/1
contig-1000812,-20.83464373762164,5.5149318956532065,Eubacterium_rectale_M104/1
contig-18000348,17.54857318902092,-12.413299105964965,Eubacterium_siraeum_V10Sc8a
contig-5000027,25.049541799567518,13.593844394767814,Eubacterium_rectale_ATCC_33656
contig-4000201,25.051642099640198,13.563166056282926,Eubacterium_rectale_ATCC_33656
contig-7000346,-20.2585077801864,4.357078412100917,Eubacterium_rectale_M104/1
contig-551,-20.810159779719125,5.3616958664402175,Eubacterium_rectale_M104/1
contig-559,24.53241751950718,13.740531251083796,Eubacterium_rectale_ATCC_33656
contig-8000793,25.04088330585948,13.593697292112827,Eubacterium_rectale_ATCC_33656
contig-2000927,-20.763746289702052,5.527448372330924,Eubacterium_rectale_M104/1
contig-3000787,-11.005256839650233,-7.59851891284393,Eubacterium_eligens_ATCC_27750
contig-3000435,-11.849894310927903,-7.212623083318591,Eubacterium_eligens_ATCC_27750
contig-8000246,-21.331861486845924,5.266199932741634,Eubacterium_rectale_M104/1
contig-10000229,-20.965456900453947,2.7304847471437794,Eubacterium_rectale_M104/1
contig-4000435,17.79549366064709,-12.194605609609205,Eubacterium_siraeum_V10Sc8a
contig-2000618,-23.103025566654853,1.8160740121030143,Eubacterium_rectale_M104/1
contig-2000616,25.057356485270052,13.556870554883574,Eubacterium_rectale_ATCC_33656
contig-2000615,17.518680245292973,-12.525391788150976,Eubacterium_siraeum_V10Sc8a
contig-6000337,17.48149268769101,-12.494297171051807,Eubacterium_siraeum_V10Sc8a
contig-10000427,-19.82919968737686,4.2539795903428255,Eubacterium_rectale_M104/1
contig-34000686,-20.749585172511477,5.493649206779433,Eubacterium_rectale_M104/1
contig-9000098,22.778044915517754,13.28930136874893,Eubacterium_rectale_ATCC_33656
contig-11000065,24.37142433184004,13.451346033325162,Eubacterium_rectale_ATCC_33656
contig-8000169,17.603656067941234,-12.293496817713597,Eubacterium_siraeum_V10Sc8a
contig-8000161,17.528011249840922,-12.482423771785786,Eubacterium_siraeum_V10Sc8a
contig-3000572,25.05299676675364,13.56256779014184,Eubacterium_rectale_ATCC_33656
contig-3000573,17.633224796353353,-12.422846067141256,Eubacterium_siraeum_V10Sc8a
contig-39001011,25.051814665911817,13.574432049610962,Eubacterium_rectale_ATCC_33656
contig-4000637,-20.4675680911637,4.0410390716494975,Eubacterium_rectale_M104/1
contig-4000983,-9.9377606130633,-8.803096736442939,Eubacterium_eligens_ATCC_27750
contig-2000402,25.052917143779997,13.57113193617293,Eubacterium_rectale_ATCC_33656
contig-9000111,-20.816473207263858,5.632576888744565,Eubacterium_rectale_M104/1
contig-12000973,11.256038336473873,12.774456838477555,Eubacterium_rectale_ATCC_33656
contig-29000103,13.203572908322055,-11.532650149510387,Eubacterium_siraeum_V10Sc8a
contig-3000837,17.59924054673184,-12.350512708201165,Eubacterium_siraeum_V10Sc8a
contig-641,-20.846620187460466,5.463140350565417,Eubacterium_rectale_M104/1
contig-647,-20.61928490616833,5.6313928657278876,Eubacterium_rectale_M104/1
contig-644,17.47779660104014,-12.547579044780024,Eubacterium_siraeum_V10Sc8a
contig-3001017,25.04899471770707,13.577438318929056,Eubacterium_rectale_ATCC_33656
contig-8000551,-23.412802691224837,2.4729523505537943,Eubacterium_rectale_M104/1
contig-4000108,25.054647488531927,13.550466549937047,Eubacterium_rectale_ATCC_33656
contig-1000892,-20.804093723532898,5.44451776321696,Eubacterium_rectale_M104/1
contig-4000282,-21.305596715985534,4.8810508240567865,Eubacterium_rectale_M104/1
contig-1000463,17.489382273833836,-12.542303408768893,Eubacterium_siraeum_V10Sc8a
contig-1000460,17.50001495533401,-12.558723116752255,Eubacterium_siraeum_V10Sc8a
contig-1000289,-10.022617174157569,-8.325471059753628,Eubacterium_eligens_ATCC_27750
contig-1000284,25.052107554724703,13.572084192591946,Eubacterium_rectale_ATCC_33656
contig-35000927,25.050194600935985,13.586360695020845,Eubacterium_rectale_ATCC_33656
contig-8000714,25.06378859910564,13.553932390224972,Eubacterium_rectale_ATCC_33656
contig-3000704,-20.709371078269754,5.516682743219193,Eubacterium_rectale_M104/1
contig-3000207,17.47192044694373,-12.521764077542324,Eubacterium_siraeum_V10Sc8a
contig-2000238,-21.369782306820646,4.0170304711124905,Eubacterium_rectale_M104/1
contig-2000237,-10.267086976695401,-8.41482149493962,Eubacterium_eligens_ATCC_27750
contig-12000542,17.520451581693298,-12.469600041155386,Eubacterium_siraeum_V10Sc8a
contig-9000302,-13.47512492596843,-6.377566771755882,Eubacterium_eligens_ATCC_27750
contig-1000919,17.584550560700364,-12.294987382935606,Eubacterium_siraeum_V10Sc8a
contig-23000602,-14.959445144797785,-6.163883311429642,Eubacterium_eligens_ATCC_27750
contig-4000593,17.570151582236573,-12.428536650330749,Eubacterium_siraeum_V10Sc8a
contig-5000337,-21.2393826330441,2.555906720727584,Eubacterium_rectale_M104/1
contig-22000640,-23.532123401443425,1.989473875020921,Eubacterium_rectale_M104/1
contig-2000488,17.519719757526364,-12.485452742143906,Eubacterium_siraeum_V10Sc8a
contig-6000271,-21.477500929370603,4.940979523384757,Eubacterium_rectale_M104/1
contig-2000104,17.5266966716996,-12.465538854257483,Eubacterium_siraeum_V10Sc8a
contig-8000089,-23.36885260610289,2.20793165304696,Eubacterium_rectale_M104/1
contig-8000087,-20.13309925620605,3.1894967165100065,Eubacterium_rectale_M104/1
contig-8000081,25.050934359074216,13.568881848394241,Eubacterium_rectale_ATCC_33656
contig-4000579,25.041017125229203,13.57745961374675,Eubacterium_rectale_ATCC_33656
contig-5000649,-20.587366312488392,3.7950181315224123,Eubacterium_rectale_M104/1
contig-7000561,-19.19806267033155,4.393865442373417,Eubacterium_rectale_M104/1
contig-2000724,17.48614013539617,-12.544961398464249,Eubacterium_siraeum_V10Sc8a
contig-2000720,17.488706353248478,-12.583721935216985,Eubacterium_siraeum_V10Sc8a
contig-2000729,-11.808897048840358,-7.684584958717589,Eubacterium_eligens_ATCC_27750
contig-6000028,-17.495795560008947,6.0518498453216525,Eubacterium_rectale_M104/1
contig-9000656,24.71908104402975,13.70049884055393,Eubacterium_rectale_ATCC_33656
contig-11000487,-22.41832216924621,2.511763612661352,Eubacterium_rectale_M104/1
contig-11000488,24.486256674363464,13.574536570877154,Eubacterium_rectale_ATCC_33656
contig-5000858,-10.104647322353486,-8.285315927246307,Eubacterium_eligens_ATCC_27750
contig-2000886,-10.946859396666039,-8.024914265772919,Eubacterium_eligens_ATCC_27750
contig-8000619,17.49128294877965,-12.460481955393195,Eubacterium_siraeum_V10Sc8a
contig-13000868,17.687173541403748,-12.325192583314955,Eubacterium_siraeum_V10Sc8a
contig-11000369,25.060795230227672,13.543399507965097,Eubacterium_rectale_ATCC_33656
contig-30000524,17.536896647775993,-12.461047371841365,Eubacterium_siraeum_V10Sc8a
contig-13000044,-14.522149062953885,-5.928585262039058,Eubacterium_eligens_ATCC_27750
contig-7000276,17.548136230551627,-12.283809535970835,Eubacterium_siraeum_V10Sc8a
contig-2000299,-9.876460807901957,-8.480264541008507,Eubacterium_eligens_ATCC_27750
contig-3000639,-20.757804776542645,5.4633791391383495,Eubacterium_rectale_M104/1
contig-962,-20.846134043945206,5.2950151456627665,Eubacterium_rectale_M104/1
contig-10000023,17.547351797240697,-12.5506217970721,Eubacterium_siraeum_V10Sc8a
contig-8000826,17.667581338395028,-12.565984687975373,Eubacterium_siraeum_V10Sc8a
contig-29000209,25.06588580911041,13.52138316748697,Eubacterium_rectale_ATCC_33656
contig-1000820,-21.084144864554066,5.33115507990787,Eubacterium_rectale_M104/1
contig-1000829,17.517236981009376,-12.506195515041766,Eubacterium_siraeum_V10Sc8a
contig-7000826,17.686930233729502,-12.084287666061387,Eubacterium_siraeum_V10Sc8a
contig-5000569,17.597673110393494,-12.32619447142918,Eubacterium_siraeum_V10Sc8a
contig-15000632,17.857754385959588,-11.849062461692355,Eubacterium_siraeum_V10Sc8a
contig-1000125,17.521851120129547,-12.507026628162253,Eubacterium_siraeum_V10Sc8a
contig-1000124,17.53829611919352,-12.484196590898726,Eubacterium_siraeum_V10Sc8a
contig-380,-21.057438111047837,5.147520061755275,Eubacterium_rectale_M104/1
contig-385,-20.65334489950953,4.000732827864612,Eubacterium_rectale_M104/1
contig-11000983,17.51125565695758,-12.514489444484616,Eubacterium_siraeum_V10Sc8a
contig-10000272,25.050228633176648,13.569653545146766,Eubacterium_rectale_ATCC_33656
contig-6000882,23.951347080555585,13.585594487765913,Eubacterium_rectale_ATCC_33656
contig-6000881,-4.550266220235526,9.008096288951613,Eubacterium_rectale_M104/1
contig-1000321,17.51678745919744,-12.52497466832007,Eubacterium_siraeum_V10Sc8a
contig-5000249,17.564376379039132,-12.445245722541511,Eubacterium_siraeum_V10Sc8a
contig-5000244,-9.912354208776762,-8.505306518621799,Eubacterium_eligens_ATCC_27750
contig-1001004,-20.85848003806116,5.483033882763351,Eubacterium_rectale_M104/1
contig-2000647,17.528328587166882,-12.44993293458326,Eubacterium_siraeum_V10Sc8a
contig-85,-20.85999185481381,5.317890644260082,Eubacterium_rectale_M104/1
contig-9001004,-22.592370996217127,0.996975899842586,Eubacterium_rectale_M104/1
contig-7000169,-20.533521918076293,5.5994881664543605,Eubacterium_rectale_M104/1
contig-6000697,17.531295527607554,-12.451478097661527,Eubacterium_siraeum_V10Sc8a
contig-6000698,-22.248132306780864,2.905467585626293,Eubacterium_rectale_M104/1
contig-10000471,12.008604563619373,-11.146708810897719,Eubacterium_siraeum_V10Sc8a
contig-738,-20.868944396377696,5.442150012415552,Eubacterium_rectale_M104/1
contig-11001011,25.051437511440085,13.583373969391856,Eubacterium_rectale_ATCC_33656
contig-130,-20.649725836371488,5.588858504459051,Eubacterium_rectale_M104/1
contig-672,17.517863437422122,-12.47992902080576,Eubacterium_siraeum_V10Sc8a
contig-7000711,25.051908567377676,13.554025640152652,Eubacterium_rectale_ATCC_33656
contig-13000677,17.799595562740297,-11.86750975055472,Eubacterium_siraeum_V10Sc8a
contig-3000418,17.518076361970536,-12.505348611879134,Eubacterium_siraeum_V10Sc8a
contig-5000071,-9.14020411102731,-8.382175051130616,Eubacterium_eligens_ATCC_27750
contig-1000430,-21.3854487621457,4.768240025227832,Eubacterium_rectale_M104/1
contig-7000335,17.800632913897942,-12.1184957718612,Eubacterium_siraeum_V10Sc8a
contig-303,-21.073517915807393,5.3697003912779095,Eubacterium_rectale_M104/1
contig-2000977,-20.81785498144899,5.5826647294397596,Eubacterium_rectale_M104/1
contig-3000483,25.05808387110193,13.548000829520008,Eubacterium_rectale_ATCC_33656
contig-10000140,-21.784445205782934,3.5739990187832613,Eubacterium_rectale_M104/1
contig-9000339,-10.014360804949176,-8.48558221130066,Eubacterium_eligens_ATCC_27750
contig-22000194,-13.837634328068185,-8.211701934377404,Eubacterium_eligens_ATCC_27750
